UserCount,ConcurrentUsersThroughput,ConcurrentUsersLatency,ConcurrentUsersGasUsed
5,13.696753869332968,18.83,204016
10,4.327505625757313,16.04,186916
15,2.902252147666589,15.49,186928
20,2.179076507376174,20.73,186916
25,1.6384041943147376,16.88,186916