NumTransactions,IncrementalThroughput,IncrementalLatency,IncrementalGasUsed
50,15.019525382997896,13.88,204016
100,9.173470323823503,13.79,164588
150,5.905976848570754,18.786666666666665,186916
200,4.289176263698557,15.4,186904
250,3.4155338479404334,17.496,186928